index	video_id	title
1	b9D9_1NOe7A	Cómo cubicar acopios por perfiles en Istram
2	EMouWF1Y3jg	Cómo ajustar la separación entre láminas en ISTRAM
3	GQyueuDo5Yk	Volumen de acopios y BIM
4	o482XpZBFB8	Que no falte el revestimiento del túnel | ISTRAM TIP
5	J3ffkF9h7XQ	Explanaciones con plataformas a distintos niveles
6	xJrA6tkM0Rw	Revestimiento de terraplén | Istram | Civil 3D
7	trwhsi-X3Qc	IstramTIP | Cómo mantener horizontal el separador central
8	21L1EojJZtE	Escape ferroviario en doble vía | Istram
9	hlapFNA5q4A	¿Cómo crear cunetas vectoriales en Istram? | TIP rápido
10	56HW-VDILtg	Cómo modelar un talud de corte con varias inclinaciones.
11	tlfLCi7Qsx0	Cómo truncar taludes superpuestos entre dos corredores
12	1czMgyLnggw	De DWG a TTP
13	Xx9Jak1SJSQ	Transiciones de taludes en ISTRAM: control manual y validación en tiempo real
14	rm7dq1rkITU	Taludes definidos a partir de la clasificación de materiales
15	3xE3bsCv5R0	Anotación de distancias y elevaciones en transversales con ISTRAM
16	VHJoo3ggt0I	Paso inferior tipo cajón en ISTRAM | Modelado rápido, metrados e IFC
17	z0kFCXbBu9g	Muro con altura variable siguiendo una línea 2D en ISTRAM
18	rM926QYQtZU	Cuando una sección transversal no es suficiente
19	233KzpZRujE	Diseño de Muro de Contención entre Ejes Paralelos a Distinto Nivel
20	rayfchBt-fs	Túnel vectorial en ISTRAM – Flujo práctico
21	etPmNHYvVBc	Cómo colocar un muro de contención en "L" con Istram
22	75pVIBIBBz4	Configura bermas/banquetas en taludes para muros - con Istram
23	34kbdTkYUkk	Escalonados en terraplén con Istram
24	7ugAbJHjQiE	Cómo mostrar viviendas correctamente en las secciones transversales
25	5p8IOIn2OQ8	Aprende a ajustar la pendiente de la capa de forma y el subbalasto en Istram
26	dHNxb7dFvGg	Diseño de rasante de tuberías en ISTRAM con saltos verticales y sin pegar superficies
27	jVuRGK3mEtY	¿Cómo automatizar la colocación de muros en ISTRAM según su altura?
28	xH1moH11JYg	DEFENSA RIBEREÑA - GAVIONES
29	e3HEYAvw-V4	Nubes densas de puntos y exportación a Trimble Connect
30	2Q4eJ7EGzng	Señalizacion en Istram
31	ZXcvtlZTBXw	Istram®BIM: Añadir elementos existentes en secciones transversales
32	FC7RSAVPHJ4	Actuaización Istram: Colocación de postes y catenarias en proyectos ferroviarios
33	HX7g2Ish_AA	Configuración y Carga de Ficheros IFC, XML y Ortofotos en Infraworks desde ISTRAM
34	ehhnngNejsg	Revisión Normativa de Diseño Vial - Parte 6 de 7: Importación de Ejes y Rasantes desde XML
35	4phtLgZzD0E	Revisión Normativa de Diseño Vial - Parte 7 de 7: Detección de errores de diseño
36	dk8569Ikmjs	Revisión Normativa de Diseño Vial - Parte 5 de 7: Carga del Fichero ISA para Revisión en ISTRAM
37	CSa3yi31W9E	Revisión Normativa de Diseño Vial - Parte 4 de 7: Información a Solicitar 2
38	8Ry87hSa4vc	Revisión de Normativa de Diseño Vial Parte 2 de 7 - Configuración de Normativa en ISTRAM
39	tnfNlafMbds	Revisión Normativa de Diseño Vial - Parte 3 de 7: Información a Solicitar 1
40	s5xsoS7zs-E	Revisión Normativa de Diseño Vial: Eje y Rasante - Parte 1 de 7: Biblioteca de Normativas
41	DkuxFOa4m1k	Creación de Secciones de Zanja para Instalaciones Subterráneas
42	ocwWjiR_9o0	Movimiento de tierras 4D: de ISTRAM a Navisworks
43	xb7cprgiuyE	Istram a Navisworks
44	w0nD9lRPe10	Datos para replanteo en obra
45	Z_m-_uB36Os	Estructuras - Cimentación
46	Su4E3jKj8zU	Obra Vial y Túneles
47	WsS6ID0Vk3Y	IMPORTAR SHP
48	dXMxKQbx814	Laminado de Planos - Pks de Inicio y fin
49	QbrE7PfHfmc	Proyecto vial con Intercambios
50	7Ktb_TiUkFw	Superficie de terreno desde Dibujo de transversales
51	PBLv10PIk9o	Vías Urbanas e Intercambios viales con Istram
52	RcBY0lW738U	CUBICACIÓN ENTRE NUBES DENSAS DE PUNTOS
53	1XJDH7OrTVc	Istram - Colocación de Elementos 3D/Bordillos en Explanaciones
54	BYKVdW0_y08	Autopista - Istram-Twinmotion
55	JND_TtHAsIU	Resultados de un Curso Intensivo con ISTRAM
56	7cajvBh16QE	Obtención de Perfiles Transversales desde datos Excel
57	xa4u_Y1B8K8	Topsoil | Istram vs Civil 3D
58	2KylkA1Dg4I	Rasante: Desde Autocad a Istram
59	Rfnpd4UZIBU	Convertit TIFF a ECW
60	fl4XHoX-CWY	Explanación: Datos para replanteo en Obra
61	EgBAxnm-mF8	Plantilla para obras viales
62	G0OeNOc9hQw	Colocación de firmes/pavimento desde bloc de notas o excel
63	xa83f7MMTx4	Agrupación Eficiente de Ejes en Grandes Proyectos de Ingeniería
64	e_-WAvw9b8U	TIP: Puntos Singulares de planta hacia el perfil longitudinal
65	LRnLQfiGojA	CUNETA URBANA CON TAPA
66	lI528yDtrN8	Istram - Lumen
67	A9FPT9n0Myc	Diseño Helicoidal en Túneles Ferroviarios
68	kYBwoBuFHYk	Bajante de talud - IstramBIM - Lumion
69	E_VL495p-N0	PostesDeCatenarias
70	veI_ELOtqWA	TIN desde estación Total a RAS Mapper
71	LD5l_7MP5cc	Istram aTwinmotion paso a paso
72	fFCVxE69YrE	Animación de Proyecto vial - Istram - Twinmotion
73	mKDRYmgRZDA	¿Dónde Ubicar las Normativas de Diseño en Istram?
74	j8ZadLnrAoc	Operación con Imágenes (DEM) y Nube de Puntos -Vídeo 3/3-
75	hQdVXSmVxYw	Operación con Imágenes (DEM) y Nube de Puntos -Vídeo 2/3-
76	K8-hUp03cX4	Operación con Imágenes (DEM) y Nube de Puntos -Vídeo 1/3-
77	BLZOKZpl2co	INTERCAMBIO DISTRIBUIDOR VIAL
78	-8yDh_lXvL0	Coordinación y colaboración en proyectos BIM con Istram y CDE
79	G58_cMkgzyQ	Control de avance del movimiento de tierra con Istram
80	YiSZQl9BwaQ	Superelevación o Peraltes de Civil 3D a IstramBIM
81	Qr7-6ot2pU4	VIADUCTO 2 3KM - Estructura con Istram
82	zuzW7S07WQc	Disipador de energía hidráulica - Istram
83	YMlfNP9sT3k	Diseño de explanación básica - Istram
84	jYfJFFAVdtU	Puentes - Viaductos con Istram
85	zxxDHu9Q9tg	Modelado de Superficies - Istram
86	JE1zz_Y1olc	CUÑAS DE TRANSICIÓN en líneas férreas
87	jJGYDRbCec0	Seguimiento de Obra con Istram - DIQUES desde Dibujos CAD
88	UlIWxIGI7xM	Diseño vial: Normativas en software OpenBIM - Istram
89	ZaTB2EHjXL4	Reporte de coordendas de una ODT diseñada en Istram
90	MWcnb6nefV0	Exportar Imágenes de Istram a Civil 3D
91	OlYjbMw_11o	Glorietas o Rotondas
92	NpmMOw2gIKw	Túnel - Avance y Destroza
93	5RMeG6ypUU0	IstramBIM a Civil 3D
94	r5P34-pjx5M	ODT - Tapa de Caja de alivio o Arqueta
95	IFETHKKP6Ww	Firmes/Pavimento en los cruces viales
96	zevesBrU05c	Tapa de Rejilla en cunetas de obras viales.
97	8QUiPiaDwaY	Ecuaciones de Empalme (Ecuación de PK)
98	e6-Q1q2xkPs	Istram - Twinmotion
99	vjYadmPueoQ	Intersección de Túneles
100	Rm1KcXlc2ZY	ISTRAM - BIMVisor
101	UAWsLkvCvEw	Volumen por Prismas
102	GyPHb9XbhoY	Banquetas/Bermas con pendiente longitudinal independiente
103	-8XOGG9_b3Y	CANALES - Istram
104	w87jAZYKzPY	Presa de Relaves
105	QdWUCwqvvys	Istram en Zona Urbana
106	hbF4aHhbkPc	APARATOS DE VIA: Desvíos Ferroviarios.
107	bBF103hmLI0	Animación de Autopista y Ferrocarril
108	fO0B2T6ZRhw	HEC-RAS - ISTRAM
109	ivzPOYphCSk	Separador central / Mediana
110	kMFC4KEs_Vk	DEFENSA RIBEREÑA CON ESCOLLERA
111	Z6oHTid-dsI	COLOCACIÓN DE SUBDREN EN CARRETERA - ISTRAM-
112	WBNQ4XaGJes	MURO DE GAVIONES
113	h38xTG6raB4	Formas de crear - CRUCES - con Istram
114	VDVPzNqKy7k	Trazado Curvilíneo (curvas de volteo/reversas/ovoides)
115	mY0TO1w5U8E	Curvas de volteo, reversas y compuestas/ovoides con Civil 3D e Istram
116	rGQN9V0OMRY	100 millones de puntos en 3 minutos con ISTRAM
117	6UKZAnGK0kU	EMBALSE (Área - Capacidad)
118	hMayGYK2BgM	Plataforma/explanada/grading con distintos materiales
119	ZjLUXHiim10	Transición de bóvedas de túnel - Istram
120	r0dvvEMhlAo	ODT (Obra de Drenaje Transversal) - ISTRAM
